{
  "baseline": {
    "spearman": 0.6945014044530622,
    "p_value": 2.216798031034202e-08,
    "accuracy": 0.7,
    "mae": 0.9059999999999999,
    "correct": 35,
    "total": 50
  },
  "5_run_avg": {
    "spearman": 0.6955041720155943,
    "p_value": 2.0751245093663726e-08,
    "accuracy": 0.7,
    "mae": 0.89,
    "correct": 35,
    "total": 50
  },
  "gepa": {
    "spearman": 0.7250014200758526,
    "p_value": 2.6186065632344395e-09,
    "accuracy": 0.7,
    "mae": 0.882,
    "correct": 35,
    "total": 50
  },
  "hybrid": {
    "spearman": 0.7222235948581868,
    "p_value": 3.2179512430036237e-09,
    "accuracy": 0.7,
    "mae": 0.8900000000000001,
    "correct": 35,
    "total": 50
  }
}